"","0%","5%","10%","25%","50%","75%","90%","95%","100%","mean","chance_loss","chance_zero","chance_gain"
"y.NPV_dredge_check_buff","-322189"," -66917","-3.6e+04"," 1.5e+04","  78353","167792","273759","341169","876918"," 101106","0.1995","0","0.8005"
"y.NPV_dredge_check_nbuff","-102385"," -17195","-1.8e+03"," 2.6e+04","  64398","115464","171480","210369","639527","  76551","0.1071","0","0.8929"
"y.NPV_dredge_ncheck_buff","-299030"," -47689","-2.5e+04"," 1.4e+04","  71476","172802","278939","347369","921120"," 103482","0.1909","0","0.8091"
"y.NPV_dredge_ncheck_nbuff","-225043"," -16167","-6.7e+03"," 1.6e+04","  42295"," 71423","101953","122880","393982","  46205","0.1414","0","0.8586"
"y.NPV_ndredge_check_buff","-319665"," -66209","-4.4e+04"," 1.1e+03","  65332","157268","262485","331763","888267","  90142","0.2458","0","0.7542"
"y.NPV_ndredge_check_nbuff","-108087"," -33155","-2.4e+04","-9.0e+02","  40708"," 82338","126800","156828","424650","  46701","0.2564","0","0.7436"
"y.NPV_ndredge_ncheck_buff","-305002"," -58696","-4.2e+04","-2.0e+04","  47630","163788","268197","333040","886174","  83403","0.3662","0","0.6338"
"y.cashflow_NPV_dredge_check_buff1","-391575","-298833","-2.8e+05","-2.5e+05","-206430","-88775","-62217","-53407"," 11191","-182118","0.9998","0","0.0002"
"y.cashflow_NPV_dredge_check_buff2"," -33262","  -7218","-3.0e+03"," 1.6e+03","   6561"," 12258"," 18131"," 22122"," 57676","   7014","0.1769","0","0.8231"
"y.cashflow_NPV_dredge_check_buff3"," -57835","  -5538","-1.5e+03"," 2.7e+03","   7702"," 13457"," 19668"," 23939"," 59425","   8328","0.1329","0","0.8671"
"y.cashflow_NPV_dredge_check_buff4"," -35346","  -4029","-6.1e+02"," 3.4e+03","   8772"," 14423"," 20943"," 24890"," 57547","   9336","0.1129","0","0.8871"
"y.cashflow_NPV_dredge_check_buff5"," -27130","  -3168"," 2.0e+02"," 4.2e+03","   9619"," 15500"," 21919"," 26449"," 71046","  10302","0.0954","0","0.9046"
"y.cashflow_NPV_dredge_check_buff6"," -35674","  -1778"," 1.0e+03"," 4.7e+03","  10355"," 16500"," 22618"," 26967"," 70216","  11083","0.0772","0","0.9228"
"y.cashflow_NPV_dredge_check_buff7"," -21158","   -673"," 1.6e+03"," 5.4e+03","  11246"," 17486"," 24129"," 28613"," 65636","  12084","0.0615","0","0.9385"
"y.cashflow_NPV_dredge_check_buff8"," -23942","     86"," 2.1e+03"," 6.1e+03","  11847"," 18161"," 24760"," 29259"," 96249","  12736","0.0486","0","0.9514"
"y.cashflow_NPV_dredge_check_buff9"," -20028","    750"," 2.7e+03"," 6.7e+03","  12682"," 19078"," 26059"," 30786"," 71149","  13624","0.0381","0","0.9619"
"y.cashflow_NPV_dredge_check_buff10"," -15768","   1318"," 3.2e+03"," 7.3e+03","  13307"," 19986"," 27103"," 31773"," 71437","  14411","0.0296","0","0.9704"
"y.cashflow_NPV_dredge_check_buff11"," -13749","   1665"," 3.3e+03"," 7.4e+03","  13686"," 20505"," 27718"," 32562"," 84366","  14811","0.0232","0","0.9768"
"y.cashflow_NPV_dredge_check_buff12"," -12883","   1821"," 3.7e+03"," 7.8e+03","  14319"," 21365"," 28675"," 33398"," 80413","  15413","0.0188","0","0.9812"
"y.cashflow_NPV_dredge_check_buff13"," -18659","   2432"," 4.0e+03"," 8.3e+03","  14778"," 21834"," 29044"," 34285"," 99823","  15955","0.0114","0","0.9886"
"y.cashflow_NPV_dredge_check_buff14","  -9903","   2542"," 4.1e+03"," 8.5e+03","  15187"," 22410"," 29931"," 35088"," 69522","  16325","0.0127","0","0.9873"
"y.cashflow_NPV_dredge_check_buff15"," -10603","   2673"," 4.3e+03"," 8.7e+03","  15555"," 22943"," 30543"," 35773"," 94358","  16725","0.0114","0","0.9886"
"y.cashflow_NPV_dredge_check_buff16"," -26135","   2782"," 4.5e+03"," 9.1e+03","  16035"," 23472"," 30965"," 35755"," 79028","  17114","0.0113","0","0.9887"
"y.cashflow_NPV_dredge_check_buff17"," -14412","   2991"," 4.6e+03"," 9.0e+03","  16299"," 23665"," 30901"," 36052"," 78287","  17257","0.0079","0","0.9921"
"y.cashflow_NPV_dredge_check_buff18","  -6434","   2925"," 4.7e+03"," 9.2e+03","  16265"," 23719"," 31062"," 36402"," 74867","  17393","0.0077","0","0.9923"
"y.cashflow_NPV_dredge_check_buff19","  -2623","   3001"," 4.7e+03"," 9.2e+03","  16442"," 23680"," 31681"," 36904"," 77489","  17503","0.0076","0","0.9924"
"y.cashflow_NPV_dredge_check_buff20","  -2723","   2957"," 4.7e+03"," 9.3e+03","  16748"," 24071"," 31289"," 36262"," 87265","  17606","0.0069","0","0.9931"
"y.cashflow_NPV_dredge_check_buff21","  -3425","   2946"," 4.7e+03"," 9.3e+03","  16674"," 24178"," 31597"," 36691","108797","  17654","0.0077","0","0.9923"
"y.cashflow_NPV_dredge_check_buff22","  -2617","   2895"," 4.6e+03"," 9.2e+03","  16733"," 24040"," 31405"," 36637"," 84925","  17616","0.0067","0","0.9933"
"y.cashflow_NPV_dredge_check_buff23","  -1636","   2808"," 4.5e+03"," 9.1e+03","  16810"," 24252"," 31335"," 36644"," 70341","  17554","0.0079","0","0.9921"
"y.cashflow_NPV_dredge_check_buff24","  -1268","   2778"," 4.3e+03"," 8.9e+03","  16739"," 24034"," 31224"," 36088"," 83720","  17477","0.0083","0","0.9917"
"y.cashflow_NPV_dredge_check_buff25","  -2158","   2606"," 4.3e+03"," 8.7e+03","  16758"," 23999"," 30926"," 35874"," 79965","  17369","0.0080","0","0.9920"
"y.cashflow_NPV_dredge_check_buff26","  -1243","   2445"," 4.1e+03"," 8.7e+03","  16665"," 23994"," 30835"," 35916"," 73147","  17282","0.0065","0","0.9935"
"y.cashflow_NPV_dredge_check_buff27","  -2739","   2309"," 4.0e+03"," 8.6e+03","  16712"," 24202"," 30997"," 35945"," 76425","  17268","0.0071","0","0.9929"
"y.cashflow_NPV_dredge_check_buff28","  -1726","   2275"," 3.8e+03"," 8.2e+03","  16381"," 23865"," 30798"," 35578"," 74692","  17010","0.0078","0","0.9922"
"y.cashflow_NPV_dredge_check_buff29","  -1509","   2058"," 3.7e+03"," 7.9e+03","  16531"," 23747"," 30821"," 35353"," 75178","  16877","0.0072","0","0.9928"
"y.cashflow_NPV_dredge_check_buff30","  -1126","   1978"," 3.4e+03"," 7.7e+03","  16564"," 23604"," 30324"," 34749"," 95368","  16771","0.0068","0","0.9932"
"y.cashflow_NPV_dredge_check_nbuff1","-104580"," -70324","-6.6e+04","-6.2e+04"," -56554","-43269","-32448","-25826"," 15725"," -52259","0.9979","0","0.0021"
"y.cashflow_NPV_dredge_check_nbuff2"," -42810"," -10168","-6.6e+03","-3.2e+02","   2117","  5512"," 11583"," 15448"," 56907","   2392","0.2952","0","0.7048"
"y.cashflow_NPV_dredge_check_nbuff3"," -40294","  -8704","-5.5e+03"," 1.5e+02","   2964","  6479"," 12557"," 16537"," 53149","   3428","0.2396","0","0.7604"
"y.cashflow_NPV_dredge_check_nbuff4"," -33608","  -7282","-4.0e+03"," 9.0e+02","   3592","  7439"," 13636"," 17534"," 56512","   4325","0.2054","0","0.7946"
"y.cashflow_NPV_dredge_check_nbuff5"," -30300","  -6168","-3.0e+03"," 1.2e+03","   4012","  8167"," 14183"," 18233"," 54855","   4911","0.1864","0","0.8136"
"y.cashflow_NPV_dredge_check_nbuff6"," -28913","  -5310","-2.3e+03"," 1.5e+03","   4446","  8819"," 14848"," 19093"," 50543","   5436","0.1677","0","0.8323"
"y.cashflow_NPV_dredge_check_nbuff7"," -28917","  -4035","-1.2e+03"," 2.0e+03","   5012","  9557"," 15330"," 19657"," 57763","   6180","0.1389","0","0.8611"
"y.cashflow_NPV_dredge_check_nbuff8"," -42468","  -2981","-3.2e+02"," 2.3e+03","   5313","  9821"," 15977"," 20152"," 55089","   6622","0.1124","0","0.8876"
"y.cashflow_NPV_dredge_check_nbuff9"," -27870","  -1751"," 1.2e+02"," 2.7e+03","   5573"," 10376"," 16469"," 20961"," 54635","   7116","0.0956","0","0.9044"
"y.cashflow_NPV_dredge_check_nbuff10"," -27889","  -1107"," 6.0e+02"," 2.9e+03","   6018"," 10555"," 16319"," 20515"," 57333","   7401","0.0775","0","0.9225"
"y.cashflow_NPV_dredge_check_nbuff11"," -24680","   -264"," 9.8e+02"," 3.2e+03","   6138"," 10450"," 16497"," 20820"," 57902","   7573","0.0602","0","0.9398"
"y.cashflow_NPV_dredge_check_nbuff12"," -14328","    -14"," 1.3e+03"," 3.4e+03","   6280"," 10580"," 16254"," 20414"," 55104","   7706","0.0506","0","0.9494"
"y.cashflow_NPV_dredge_check_nbuff13"," -25723","    286"," 1.6e+03"," 3.5e+03","   6300"," 10447"," 15861"," 19781"," 51361","   7703","0.0388","0","0.9612"
"y.cashflow_NPV_dredge_check_nbuff14"," -11518","    493"," 1.8e+03"," 3.8e+03","   6507"," 10595"," 15502"," 19222"," 54476","   7794","0.0340","0","0.9660"
"y.cashflow_NPV_dredge_check_nbuff15"," -22491","    672"," 2.0e+03"," 3.9e+03","   6621"," 10713"," 15697"," 19638"," 62150","   7944","0.0313","0","0.9687"
"y.cashflow_NPV_dredge_check_nbuff16"," -13011","    795"," 2.1e+03"," 4.0e+03","   6821"," 10728"," 15742"," 19188"," 51535","   8028","0.0277","0","0.9723"
"y.cashflow_NPV_dredge_check_nbuff17"," -12018","    904"," 2.2e+03"," 4.1e+03","   6955"," 10789"," 15455"," 18916"," 53588","   8063","0.0237","0","0.9763"
"y.cashflow_NPV_dredge_check_nbuff18","  -6789","    986"," 2.2e+03"," 4.1e+03","   6958"," 10890"," 15268"," 18694"," 45995","   8060","0.0244","0","0.9756"
"y.cashflow_NPV_dredge_check_nbuff19","  -4348","   1133"," 2.3e+03"," 4.1e+03","   6962"," 10782"," 15058"," 18690"," 48604","   8026","0.0220","0","0.9780"
"y.cashflow_NPV_dredge_check_nbuff20","  -5824","   1141"," 2.3e+03"," 4.2e+03","   6971"," 10599"," 15023"," 18022"," 49552","   7938","0.0229","0","0.9771"
"y.cashflow_NPV_dredge_check_nbuff21","  -4044","   1136"," 2.2e+03"," 4.1e+03","   6901"," 10536"," 14587"," 17417"," 49280","   7840","0.0211","0","0.9789"
"y.cashflow_NPV_dredge_check_nbuff22","  -2413","   1140"," 2.2e+03"," 4.0e+03","   6806"," 10378"," 14374"," 17002"," 60596","   7683","0.0215","0","0.9785"
"y.cashflow_NPV_dredge_check_nbuff23","  -2986","   1126"," 2.1e+03"," 3.9e+03","   6700"," 10062"," 14167"," 16602"," 51820","   7492","0.0201","0","0.9799"
"y.cashflow_NPV_dredge_check_nbuff24","  -5080","   1079"," 2.0e+03"," 3.8e+03","   6567","  9965"," 13622"," 16173"," 59450","   7319","0.0210","0","0.9790"
"y.cashflow_NPV_dredge_check_nbuff25","  -1967","   1033"," 2.0e+03"," 3.7e+03","   6345","  9583"," 13100"," 15399"," 39856","   7054","0.0211","0","0.9789"
"y.cashflow_NPV_dredge_check_nbuff26","  -2582","    907"," 1.8e+03"," 3.5e+03","   6142","  9290"," 12810"," 15143"," 42072","   6833","0.0210","0","0.9790"
"y.cashflow_NPV_dredge_check_nbuff27","  -2603","    865"," 1.7e+03"," 3.3e+03","   6030","  9144"," 12385"," 14777"," 33877","   6658","0.0196","0","0.9804"
"y.cashflow_NPV_dredge_check_nbuff28","  -1503","    825"," 1.6e+03"," 3.2e+03","   5746","  8689"," 11967"," 13994"," 37869","   6359","0.0205","0","0.9795"
"y.cashflow_NPV_dredge_check_nbuff29","  -1472","    732"," 1.5e+03"," 3.1e+03","   5512","  8421"," 11541"," 13600"," 32871","   6140","0.0203","0","0.9797"
"y.cashflow_NPV_dredge_check_nbuff30","  -4124","    680"," 1.4e+03"," 2.9e+03","   5315","  8065"," 11016"," 13059"," 35584","   5863","0.0212","0","0.9788"
"y.cashflow_NPV_dredge_ncheck_buff1","-351598","-257442","-2.4e+05","-2.1e+05","-168821","-46542","-26691","-16073"," 15730","-143178","0.9953","0","0.0047"
"y.cashflow_NPV_dredge_ncheck_buff2"," -40491","  -6909","-2.8e+03"," 1.6e+03","   6712"," 12326"," 17924"," 22042"," 65209","   7090","0.1678","0","0.8322"
"y.cashflow_NPV_dredge_ncheck_buff3"," -64661","  -6322","-2.2e+03"," 2.3e+03","   7568"," 13401"," 19265"," 23411"," 59346","   7990","0.1475","0","0.8525"
"y.cashflow_NPV_dredge_ncheck_buff4"," -31132","  -4992","-1.4e+03"," 2.7e+03","   8370"," 14178"," 20401"," 24792"," 52065","   8866","0.1341","0","0.8659"
"y.cashflow_NPV_dredge_ncheck_buff5"," -25608","  -3879","-5.1e+02"," 3.0e+03","   9155"," 15273"," 21744"," 26137"," 70041","   9756","0.1182","0","0.8818"
"y.cashflow_NPV_dredge_ncheck_buff6"," -24938","  -3533","-2.5e+02"," 3.1e+03","   9698"," 15825"," 22219"," 26680"," 70226","  10143","0.1097","0","0.8903"
"y.cashflow_NPV_dredge_ncheck_buff7"," -27684","  -2207"," 1.1e+02"," 3.6e+03","  10342"," 16847"," 23683"," 28247"," 65313","  11009","0.0940","0","0.9060"
"y.cashflow_NPV_dredge_ncheck_buff8"," -22347","  -1423"," 3.6e+02"," 3.9e+03","  10960"," 17382"," 23691"," 28239"," 64172","  11435","0.0854","0","0.9146"
"y.cashflow_NPV_dredge_ncheck_buff9"," -20586","   -726"," 7.9e+02"," 4.3e+03","  11401"," 18105"," 24712"," 29360"," 71287","  12094","0.0713","0","0.9287"
"y.cashflow_NPV_dredge_ncheck_buff10"," -23514","   -320"," 1.1e+03"," 4.5e+03","  11948"," 18991"," 25932"," 30687"," 76326","  12721","0.0599","0","0.9401"
"y.cashflow_NPV_dredge_ncheck_buff11"," -28249","   -119"," 1.3e+03"," 4.6e+03","  12360"," 19383"," 26354"," 31519"," 63549","  13075","0.0547","0","0.9453"
"y.cashflow_NPV_dredge_ncheck_buff12"," -18294","     56"," 1.5e+03"," 4.7e+03","  12862"," 20010"," 27101"," 32074"," 80292","  13590","0.0470","0","0.9530"
"y.cashflow_NPV_dredge_ncheck_buff13"," -16694","    173"," 1.7e+03"," 4.8e+03","  13200"," 20370"," 27696"," 32751"," 78460","  13889","0.0425","0","0.9575"
"y.cashflow_NPV_dredge_ncheck_buff14"," -10289","    260"," 1.8e+03"," 4.9e+03","  13423"," 20609"," 27968"," 32928","100296","  14073","0.0376","0","0.9624"
"y.cashflow_NPV_dredge_ncheck_buff15"," -15599","    318"," 1.9e+03"," 5.0e+03","  13729"," 21013"," 28252"," 32980"," 76050","  14310","0.0370","0","0.9630"
"y.cashflow_NPV_dredge_ncheck_buff16"," -26154","    336"," 2.0e+03"," 4.9e+03","  13933"," 21168"," 28362"," 33153"," 74796","  14472","0.0352","0","0.9648"
"y.cashflow_NPV_dredge_ncheck_buff17"," -20874","    319"," 2.0e+03"," 4.8e+03","  14202"," 21350"," 28068"," 32880"," 76876","  14490","0.0350","0","0.9650"
"y.cashflow_NPV_dredge_ncheck_buff18","  -6317","    331"," 2.0e+03"," 4.8e+03","  14372"," 21571"," 28506"," 33111"," 64757","  14645","0.0341","0","0.9659"
"y.cashflow_NPV_dredge_ncheck_buff19","  -8999","    397"," 2.0e+03"," 4.6e+03","  14567"," 21694"," 28595"," 33083"," 75340","  14657","0.0330","0","0.9670"
"y.cashflow_NPV_dredge_ncheck_buff20","  -6867","    328"," 2.0e+03"," 4.4e+03","  14690"," 21778"," 28506"," 33200"," 83483","  14682","0.0310","0","0.9690"
"y.cashflow_NPV_dredge_ncheck_buff21","  -3388","    386"," 1.9e+03"," 4.3e+03","  14850"," 21924"," 28430"," 33086"," 82614","  14726","0.0298","0","0.9702"
"y.cashflow_NPV_dredge_ncheck_buff22","  -3479","    394"," 1.8e+03"," 4.1e+03","  14983"," 22004"," 28594"," 32849"," 93532","  14684","0.0295","0","0.9705"
"y.cashflow_NPV_dredge_ncheck_buff23","  -3695","    316"," 1.7e+03"," 3.9e+03","  14987"," 21962"," 28435"," 32810"," 63314","  14668","0.0296","0","0.9704"
"y.cashflow_NPV_dredge_ncheck_buff24","  -2241","    335"," 1.7e+03"," 3.7e+03","  15144"," 21997"," 28518"," 32736"," 91477","  14679","0.0313","0","0.9687"
"y.cashflow_NPV_dredge_ncheck_buff25","  -2011","    275"," 1.6e+03"," 3.6e+03","  15275"," 22081"," 28399"," 32746"," 65065","  14645","0.0314","0","0.9686"
"y.cashflow_NPV_dredge_ncheck_buff26","  -1699","    292"," 1.5e+03"," 3.4e+03","  15135"," 21967"," 28134"," 32549"," 65891","  14533","0.0310","0","0.9690"
"y.cashflow_NPV_dredge_ncheck_buff27","  -2068","    269"," 1.4e+03"," 3.2e+03","  15301"," 22074"," 28146"," 32299"," 74111","  14536","0.0306","0","0.9694"
"y.cashflow_NPV_dredge_ncheck_buff28","  -2850","    234"," 1.3e+03"," 3.0e+03","  15024"," 21748"," 27992"," 32103"," 63198","  14331","0.0321","0","0.9679"
"y.cashflow_NPV_dredge_ncheck_buff29","  -2295","    201"," 1.2e+03"," 2.8e+03","  15007"," 21777"," 28012"," 31814"," 63312","  14226","0.0330","0","0.9670"
"y.cashflow_NPV_dredge_ncheck_buff30","  -2418","    189"," 1.1e+03"," 2.6e+03","  15107"," 21593"," 27481"," 31375"," 72747","  14115","0.0328","0","0.9672"
"y.cashflow_NPV_dredge_ncheck_nbuff1"," -59755"," -26932","-2.3e+04","-1.7e+04"," -14956"," -9514"," -1357","   706"," 34714"," -13384","0.9286","0","0.0714"
"y.cashflow_NPV_dredge_ncheck_nbuff2"," -49670"," -10753","-6.9e+03","-5.2e+02","   1901","  5180"," 10986"," 14882"," 58658","   2013","0.3030","0","0.6970"
"y.cashflow_NPV_dredge_ncheck_nbuff3"," -76087","  -9326","-5.9e+03","-3.2e+02","   2375","  5713"," 11490"," 15376"," 47688","   2624","0.2844","0","0.7156"
"y.cashflow_NPV_dredge_ncheck_nbuff4"," -38694","  -8774","-5.5e+03","-2.3e+02","   2489","  6100"," 11969"," 15921"," 51696","   3007","0.2704","0","0.7296"
"y.cashflow_NPV_dredge_ncheck_nbuff5"," -31638","  -7934","-5.0e+03","-1.2e+02","   2549","  6340"," 11711"," 15673"," 49241","   3147","0.2622","0","0.7378"
"y.cashflow_NPV_dredge_ncheck_nbuff6"," -37371","  -7123","-4.1e+03"," 4.6e+00","   2337","  5861"," 11408"," 15513"," 42776","   3124","0.2497","0","0.7503"
"y.cashflow_NPV_dredge_ncheck_nbuff7"," -36260","  -6304","-3.4e+03"," 2.0e+02","   2463","  5672"," 10769"," 14709"," 46548","   3196","0.2298","0","0.7702"
"y.cashflow_NPV_dredge_ncheck_nbuff8"," -37697","  -5293","-2.4e+03"," 3.5e+02","   2520","  5475"," 10207"," 13887"," 67410","   3230","0.2128","0","0.7872"
"y.cashflow_NPV_dredge_ncheck_nbuff9"," -30260","  -4403","-1.8e+03"," 5.3e+02","   2648","  5465"," 10059"," 13670"," 41766","   3396","0.1963","0","0.8037"
"y.cashflow_NPV_dredge_ncheck_nbuff10"," -24185","  -3284","-1.1e+03"," 7.5e+02","   2827","  5394","  9596"," 12972"," 47403","   3517","0.1758","0","0.8242"
"y.cashflow_NPV_dredge_ncheck_nbuff11"," -36462","  -2120","-5.5e+02"," 9.4e+02","   2915","  5406","  9034"," 12354"," 43917","   3600","0.1489","0","0.8511"
"y.cashflow_NPV_dredge_ncheck_nbuff12"," -25515","  -1477","-3.4e+02"," 1.1e+03","   3018","  5325","  8519"," 11518"," 42249","   3636","0.1368","0","0.8632"
"y.cashflow_NPV_dredge_ncheck_nbuff13"," -21624","   -934","-1.7e+02"," 1.3e+03","   3101","  5309","  8463"," 10967"," 30066","   3676","0.1201","0","0.8799"
"y.cashflow_NPV_dredge_ncheck_nbuff14"," -20208","   -714","-1.0e+02"," 1.4e+03","   3161","  5225","  7876"," 10234"," 34513","   3645","0.1147","0","0.8853"
"y.cashflow_NPV_dredge_ncheck_nbuff15"," -30850","   -576","-4.6e+01"," 1.5e+03","   3199","  5175","  7642","  9769"," 32529","   3619","0.1099","0","0.8901"
"y.cashflow_NPV_dredge_ncheck_nbuff16"," -23642","   -510","-2.9e+01"," 1.6e+03","   3232","  5030","  7384","  9238"," 32443","   3558","0.1042","0","0.8958"
"y.cashflow_NPV_dredge_ncheck_nbuff17"," -22144","   -395"," 6.8e+00"," 1.6e+03","   3199","  4918","  6957","  8589"," 36081","   3463","0.0986","0","0.9014"
"y.cashflow_NPV_dredge_ncheck_nbuff18","  -8910","   -338"," 4.1e+00"," 1.6e+03","   3139","  4810","  6767","  8233"," 28049","   3395","0.0994","0","0.9006"
"y.cashflow_NPV_dredge_ncheck_nbuff19","  -7930","   -284"," 3.0e+01"," 1.6e+03","   3056","  4651","  6407","  7818"," 23937","   3263","0.0935","0","0.9065"
"y.cashflow_NPV_dredge_ncheck_nbuff20","  -9322","   -265"," 3.0e+01"," 1.6e+03","   3028","  4501","  6192","  7430"," 23151","   3176","0.0955","0","0.9045"
"y.cashflow_NPV_dredge_ncheck_nbuff21","  -6098","   -209"," 5.6e+01"," 1.6e+03","   2878","  4295","  5930","  7091"," 21833","   3053","0.0888","0","0.9112"
"y.cashflow_NPV_dredge_ncheck_nbuff22","  -5342","   -185"," 5.3e+01"," 1.5e+03","   2797","  4129","  5600","  6695"," 21712","   2919","0.0872","0","0.9128"
"y.cashflow_NPV_dredge_ncheck_nbuff23","  -6032","   -165"," 5.6e+01"," 1.4e+03","   2638","  3902","  5358","  6399"," 18333","   2766","0.0858","0","0.9142"
"y.cashflow_NPV_dredge_ncheck_nbuff24","  -5192","   -174"," 3.5e+01"," 1.4e+03","   2532","  3714","  5093","  6113"," 16961","   2639","0.0885","0","0.9115"
"y.cashflow_NPV_dredge_ncheck_nbuff25","  -3467","   -162"," 4.0e+01"," 1.3e+03","   2381","  3510","  4801","  5721"," 15104","   2495","0.0861","0","0.9139"
"y.cashflow_NPV_dredge_ncheck_nbuff26","  -2942","   -142"," 3.8e+01"," 1.2e+03","   2251","  3356","  4575","  5400"," 14382","   2360","0.0877","0","0.9123"
"y.cashflow_NPV_dredge_ncheck_nbuff27","  -4066","   -119"," 4.8e+01"," 1.2e+03","   2113","  3167","  4336","  5153"," 14694","   2235","0.0842","0","0.9158"
"y.cashflow_NPV_dredge_ncheck_nbuff28","  -3239","   -133"," 3.1e+01"," 1.1e+03","   1985","  2963","  4045","  4879"," 16010","   2096","0.0898","0","0.9102"
"y.cashflow_NPV_dredge_ncheck_nbuff29","  -2471","   -124"," 3.6e+01"," 1.0e+03","   1857","  2803","  3838","  4546"," 10963","   1965","0.0873","0","0.9127"
"y.cashflow_NPV_dredge_ncheck_nbuff30","  -3653","   -118"," 2.1e+01"," 9.1e+02","   1725","  2614","  3610","  4330"," 13125","   1838","0.0913","0","0.9087"
"y.cashflow_NPV_ndredge_check_buff1","-374770","-284725","-2.7e+05","-2.3e+05","-192503","-74827","-48221","-40390"," 21130","-168275","0.9994","0","0.0006"
"y.cashflow_NPV_ndredge_check_buff2"," -48725","  -7091","-3.0e+03"," 1.2e+03","   6484"," 11894"," 17593"," 21577"," 64629","   6747","0.1962","0","0.8038"
"y.cashflow_NPV_ndredge_check_buff3"," -56162","  -6305","-2.1e+03"," 2.1e+03","   7459"," 13173"," 19357"," 23228"," 57939","   7935","0.1572","0","0.8428"
"y.cashflow_NPV_ndredge_check_buff4"," -40216","  -5260","-1.4e+03"," 2.9e+03","   8469"," 14303"," 20342"," 24524"," 57900","   8885","0.1367","0","0.8633"
"y.cashflow_NPV_ndredge_check_buff5"," -29913","  -4064","-5.3e+02"," 3.4e+03","   9152"," 15133"," 21318"," 25715"," 58105","   9679","0.1224","0","0.8776"
"y.cashflow_NPV_ndredge_check_buff6"," -35639","  -2959","-1.7e+02"," 4.0e+03","   9988"," 16041"," 22187"," 26833"," 55882","  10510","0.1059","0","0.8941"
"y.cashflow_NPV_ndredge_check_buff7"," -32439","  -1844"," 2.4e+02"," 4.5e+03","  10607"," 17048"," 23700"," 28445"," 68095","  11358","0.0896","0","0.9104"
"y.cashflow_NPV_ndredge_check_buff8"," -37440","  -1074"," 6.4e+02"," 4.9e+03","  11154"," 17463"," 23886"," 28475"," 61925","  11786","0.0802","0","0.9198"
"y.cashflow_NPV_ndredge_check_buff9"," -29084","   -586"," 9.0e+02"," 5.1e+03","  11820"," 18208"," 25047"," 29978"," 74465","  12507","0.0677","0","0.9323"
"y.cashflow_NPV_ndredge_check_buff10"," -23034","   -281"," 1.2e+03"," 5.4e+03","  12180"," 19218"," 26144"," 30999"," 78578","  13123","0.0620","0","0.9380"
"y.cashflow_NPV_ndredge_check_buff11"," -22970","   -110"," 1.6e+03"," 5.9e+03","  12848"," 19916"," 26798"," 31619"," 74122","  13695","0.0533","0","0.9467"
"y.cashflow_NPV_ndredge_check_buff12"," -16612","     49"," 1.8e+03"," 6.2e+03","  13363"," 20245"," 27467"," 32360"," 73397","  14139","0.0472","0","0.9528"
"y.cashflow_NPV_ndredge_check_buff13"," -20491","    124"," 2.1e+03"," 6.5e+03","  13588"," 20733"," 28085"," 33199"," 67777","  14502","0.0447","0","0.9553"
"y.cashflow_NPV_ndredge_check_buff14"," -12554","    150"," 2.3e+03"," 6.6e+03","  13909"," 21225"," 28246"," 33070","101358","  14823","0.0430","0","0.9570"
"y.cashflow_NPV_ndredge_check_buff15"," -12176","    184"," 2.4e+03"," 6.8e+03","  14295"," 21550"," 28785"," 34103"," 83552","  15160","0.0408","0","0.9592"
"y.cashflow_NPV_ndredge_check_buff16"," -16366","    175"," 2.6e+03"," 7.1e+03","  14620"," 21894"," 28923"," 33903"," 85828","  15370","0.0406","0","0.9594"
"y.cashflow_NPV_ndredge_check_buff17"," -11056","    172"," 2.7e+03"," 7.2e+03","  14942"," 21939"," 29096"," 34350"," 83083","  15513","0.0406","0","0.9594"
"y.cashflow_NPV_ndredge_check_buff18","  -6778","    168"," 2.8e+03"," 7.1e+03","  14772"," 22249"," 29196"," 34304"," 67867","  15617","0.0373","0","0.9627"
"y.cashflow_NPV_ndredge_check_buff19","  -5352","    151"," 2.9e+03"," 7.3e+03","  15134"," 22216"," 29438"," 34540"," 71696","  15683","0.0404","0","0.9596"
"y.cashflow_NPV_ndredge_check_buff20","  -3769","    168"," 2.9e+03"," 7.1e+03","  15279"," 22321"," 29631"," 34185"," 86114","  15773","0.0380","0","0.9620"
"y.cashflow_NPV_ndredge_check_buff21","  -5050","    184"," 2.9e+03"," 7.0e+03","  15321"," 22503"," 29440"," 34377"," 74461","  15765","0.0364","0","0.9636"
"y.cashflow_NPV_ndredge_check_buff22","  -3258","    178"," 2.8e+03"," 6.9e+03","  15407"," 22577"," 29417"," 34164"," 82341","  15781","0.0350","0","0.9650"
"y.cashflow_NPV_ndredge_check_buff23","  -3045","    144"," 2.7e+03"," 6.7e+03","  15369"," 22599"," 29264"," 33799"," 69593","  15662","0.0366","0","0.9634"
"y.cashflow_NPV_ndredge_check_buff24","  -5495","    134"," 2.8e+03"," 6.6e+03","  15529"," 22736"," 29199"," 33762"," 75597","  15683","0.0359","0","0.9641"
"y.cashflow_NPV_ndredge_check_buff25","  -3770","    123"," 2.6e+03"," 6.4e+03","  15545"," 22727"," 29315"," 33711"," 66737","  15662","0.0363","0","0.9637"
"y.cashflow_NPV_ndredge_check_buff26","  -3442","    135"," 2.5e+03"," 6.2e+03","  15568"," 22592"," 29192"," 33651"," 65631","  15584","0.0376","0","0.9624"
"y.cashflow_NPV_ndredge_check_buff27","  -2013","     95"," 2.4e+03"," 6.0e+03","  15616"," 22818"," 29177"," 33594"," 80741","  15554","0.0387","0","0.9613"
"y.cashflow_NPV_ndredge_check_buff28","  -2437","     99"," 2.3e+03"," 5.7e+03","  15345"," 22519"," 28966"," 33316"," 70867","  15364","0.0370","0","0.9630"
"y.cashflow_NPV_ndredge_check_buff29","  -2201","    115"," 2.2e+03"," 5.5e+03","  15464"," 22378"," 29046"," 33297"," 76656","  15245","0.0349","0","0.9651"
"y.cashflow_NPV_ndredge_check_buff30","  -1611","    103"," 2.0e+03"," 5.2e+03","  15435"," 22239"," 28621"," 32664"," 78352","  15138","0.0377","0","0.9623"
"y.cashflow_NPV_ndredge_check_nbuff1"," -94143"," -56142","-5.2e+04","-4.7e+04"," -42261","-31710","-19620","-15826"," 29179"," -38772","0.9915","0","0.0085"
"y.cashflow_NPV_ndredge_check_nbuff2"," -41779"," -11070","-7.3e+03","-7.5e+02","   1185","  4550"," 10475"," 14332"," 56818","   1568","0.3774","0","0.6226"
"y.cashflow_NPV_ndredge_check_nbuff3"," -37977","  -9561","-6.3e+03","-5.2e+02","   2122","  5642"," 11307"," 15062"," 53021","   2439","0.3047","0","0.6953"
"y.cashflow_NPV_ndredge_check_nbuff4"," -33280","  -8603","-5.4e+03","-2.5e+02","   2675","  6621"," 12348"," 16447"," 56746","   3231","0.2765","0","0.7235"
"y.cashflow_NPV_ndredge_check_nbuff5"," -34332","  -7757","-4.4e+03","-3.8e+01","   3071","  7138"," 13230"," 17354"," 49014","   3792","0.2549","0","0.7451"
"y.cashflow_NPV_ndredge_check_nbuff6"," -37808","  -6437","-3.6e+03"," 1.4e+02","   3414","  7332"," 13011"," 17152"," 53982","   4119","0.2348","0","0.7652"
"y.cashflow_NPV_ndredge_check_nbuff7"," -28303","  -5534","-2.6e+03"," 3.2e+02","   3434","  7419"," 13267"," 17272"," 49529","   4401","0.2180","0","0.7820"
"y.cashflow_NPV_ndredge_check_nbuff8"," -26270","  -4683","-1.8e+03"," 4.1e+02","   3429","  7214"," 12379"," 16239"," 71881","   4329","0.2002","0","0.7998"
"y.cashflow_NPV_ndredge_check_nbuff9"," -29429","  -3853","-1.3e+03"," 6.7e+02","   3528","  7167"," 12351"," 16433"," 48162","   4514","0.1856","0","0.8144"
"y.cashflow_NPV_ndredge_check_nbuff10"," -35789","  -2912","-8.6e+02"," 8.2e+02","   3739","  7297"," 12395"," 16208"," 50460","   4707","0.1699","0","0.8301"
"y.cashflow_NPV_ndredge_check_nbuff11"," -28588","  -1831","-5.0e+02"," 1.0e+03","   3948","  7308"," 11945"," 15687"," 66700","   4822","0.1524","0","0.8476"
"y.cashflow_NPV_ndredge_check_nbuff12"," -16302","  -1306","-3.4e+02"," 1.2e+03","   4145","  7538"," 11937"," 15541"," 48109","   5043","0.1422","0","0.8578"
"y.cashflow_NPV_ndredge_check_nbuff13"," -36739","   -881","-2.3e+02"," 1.4e+03","   4380","  7677"," 11995"," 15283"," 52666","   5221","0.1295","0","0.8705"
"y.cashflow_NPV_ndredge_check_nbuff14"," -17349","   -745","-1.7e+02"," 1.6e+03","   4543","  7800"," 11752"," 14998"," 40708","   5273","0.1259","0","0.8741"
"y.cashflow_NPV_ndredge_check_nbuff15"," -23866","   -567","-1.1e+02"," 1.7e+03","   4744","  7782"," 11660"," 14556"," 45885","   5358","0.1167","0","0.8833"
"y.cashflow_NPV_ndredge_check_nbuff16"," -17682","   -574","-1.0e+02"," 1.8e+03","   4853","  7922"," 11544"," 14378"," 46587","   5387","0.1198","0","0.8802"
"y.cashflow_NPV_ndredge_check_nbuff17"," -13655","   -407","-3.6e+01"," 1.9e+03","   4906","  7864"," 11317"," 13704"," 36558","   5372","0.1087","0","0.8913"
"y.cashflow_NPV_ndredge_check_nbuff18","  -9406","   -387","-4.3e+01"," 1.9e+03","   5001","  7870"," 11113"," 13395"," 38269","   5342","0.1101","0","0.8899"
"y.cashflow_NPV_ndredge_check_nbuff19","  -7278","   -355","-5.4e+01"," 2.0e+03","   4930","  7788"," 10782"," 13054"," 37267","   5249","0.1125","0","0.8875"
"y.cashflow_NPV_ndredge_check_nbuff20","  -6080","   -330","-4.3e+01"," 2.0e+03","   4928","  7559"," 10436"," 12607"," 32843","   5161","0.1128","0","0.8872"
"y.cashflow_NPV_ndredge_check_nbuff21","  -4936","   -290","-3.8e+01"," 2.1e+03","   4870","  7466"," 10292"," 12362"," 32611","   5100","0.1114","0","0.8886"
"y.cashflow_NPV_ndredge_check_nbuff22","  -6090","   -269","-3.0e+01"," 2.0e+03","   4724","  7259","  9837"," 11756"," 30047","   4940","0.1099","0","0.8901"
"y.cashflow_NPV_ndredge_check_nbuff23","  -5466","   -242","-2.7e+01"," 1.9e+03","   4626","  6990","  9642"," 11453"," 27926","   4773","0.1096","0","0.8904"
"y.cashflow_NPV_ndredge_check_nbuff24","  -9783","   -232","-2.0e+01"," 1.9e+03","   4490","  6842","  9283"," 10939"," 34730","   4652","0.1060","0","0.8940"
"y.cashflow_NPV_ndredge_check_nbuff25","  -2372","   -205","-2.5e+01"," 1.9e+03","   4313","  6562","  9000"," 10540"," 27554","   4473","0.1098","0","0.8902"
"y.cashflow_NPV_ndredge_check_nbuff26","  -3689","   -222","-3.3e+01"," 1.8e+03","   4160","  6296","  8580"," 10121"," 33556","   4290","0.1118","0","0.8882"
"y.cashflow_NPV_ndredge_check_nbuff27","  -3039","   -192","-2.2e+01"," 1.7e+03","   4025","  6143","  8298","  9878"," 20852","   4154","0.1097","0","0.8903"
"y.cashflow_NPV_ndredge_check_nbuff28","  -2747","   -178","-2.4e+01"," 1.6e+03","   3853","  5841","  7954","  9273"," 23741","   3951","0.1111","0","0.8889"
"y.cashflow_NPV_ndredge_check_nbuff29","  -3043","   -174","-2.3e+01"," 1.5e+03","   3680","  5545","  7630","  8957"," 25445","   3783","0.1145","0","0.8855"
"y.cashflow_NPV_ndredge_check_nbuff30","  -4587","   -175","-1.8e+01"," 1.4e+03","   3479","  5274","  7245","  8551"," 27751","   3600","0.1098","0","0.8902"
"y.cashflow_NPV_ndredge_ncheck_buff1","-339401","-244916","-2.3e+05","-2.0e+05","-154710","-33002","-14598","  -225"," 29545","-129491","0.9617","0","0.0383"
"y.cashflow_NPV_ndredge_ncheck_buff2"," -47749","  -8785","-4.4e+03"," 3.4e+01","   6196"," 11875"," 17503"," 21849"," 67178","   6208","0.2416","0","0.7584"
"y.cashflow_NPV_ndredge_ncheck_buff3"," -32297","  -7885","-3.2e+03"," 1.6e+02","   7066"," 13022"," 19152"," 23164"," 58564","   7180","0.2199","0","0.7801"
"y.cashflow_NPV_ndredge_ncheck_buff4"," -37198","  -6288","-2.4e+03"," 3.4e+02","   7645"," 13748"," 19918"," 24214"," 58359","   7894","0.2044","0","0.7956"
"y.cashflow_NPV_ndredge_ncheck_buff5"," -33387","  -6149","-2.2e+03"," 3.9e+02","   8161"," 14605"," 21155"," 25399"," 58196","   8456","0.2026","0","0.7974"
"y.cashflow_NPV_ndredge_ncheck_buff6"," -37293","  -5619","-1.8e+03"," 5.6e+02","   8828"," 15303"," 21540"," 26126"," 71336","   8970","0.1980","0","0.8020"
"y.cashflow_NPV_ndredge_ncheck_buff7"," -38018","  -4423","-1.3e+03"," 6.9e+02","   9238"," 16027"," 22664"," 27261"," 65202","   9542","0.1892","0","0.8108"
"y.cashflow_NPV_ndredge_ncheck_buff8"," -23380","  -3548","-8.9e+02"," 7.6e+02","   9651"," 16457"," 23013"," 27723"," 64509","  10002","0.1763","0","0.8237"
"y.cashflow_NPV_ndredge_ncheck_buff9"," -32977","  -2828","-7.9e+02"," 6.7e+02","  10163"," 16950"," 23626"," 28618"," 75925","  10367","0.1775","0","0.8225"
"y.cashflow_NPV_ndredge_ncheck_buff10"," -30048","  -2074","-6.3e+02"," 6.4e+02","  10630"," 17548"," 24430"," 29100"," 64017","  10799","0.1719","0","0.8281"
"y.cashflow_NPV_ndredge_ncheck_buff11"," -26876","  -1508","-5.2e+02"," 5.6e+02","  11001"," 17944"," 24543"," 29045"," 61596","  11060","0.1748","0","0.8252"
"y.cashflow_NPV_ndredge_ncheck_buff12"," -22913","  -1305","-4.6e+02"," 5.7e+02","  11490"," 18290"," 25059"," 29745"," 68772","  11398","0.1706","0","0.8294"
"y.cashflow_NPV_ndredge_ncheck_buff13"," -18657","   -973","-3.8e+02"," 5.3e+02","  11894"," 18732"," 25283"," 30197"," 99591","  11666","0.1648","0","0.8352"
"y.cashflow_NPV_ndredge_ncheck_buff14"," -15237","   -883","-3.3e+02"," 5.2e+02","  12126"," 18999"," 25437"," 29944","101178","  11812","0.1673","0","0.8327"
"y.cashflow_NPV_ndredge_ncheck_buff15"," -22928","   -835","-3.4e+02"," 4.0e+02","  12438"," 19329"," 25875"," 30529"," 72530","  12032","0.1680","0","0.8320"
"y.cashflow_NPV_ndredge_ncheck_buff16"," -26023","   -736","-2.8e+02"," 3.9e+02","  12875"," 19472"," 25726"," 30041"," 72074","  12143","0.1691","0","0.8309"
"y.cashflow_NPV_ndredge_ncheck_buff17"," -18949","   -649","-2.6e+02"," 3.8e+02","  13137"," 19632"," 25907"," 30326"," 70104","  12311","0.1652","0","0.8348"
"y.cashflow_NPV_ndredge_ncheck_buff18","  -6904","   -582","-2.3e+02"," 3.3e+02","  13381"," 19817"," 26179"," 30534"," 63949","  12461","0.1687","0","0.8313"
"y.cashflow_NPV_ndredge_ncheck_buff19","  -6944","   -540","-2.4e+02"," 3.0e+02","  13453"," 20146"," 26484"," 30789"," 71603","  12603","0.1683","0","0.8317"
"y.cashflow_NPV_ndredge_ncheck_buff20","  -8815","   -521","-2.0e+02"," 2.6e+02","  13789"," 20282"," 26362"," 30485"," 72549","  12674","0.1668","0","0.8332"
"y.cashflow_NPV_ndredge_ncheck_buff21","  -6114","   -453","-1.8e+02"," 2.5e+02","  13840"," 20329"," 26303"," 30506"," 72868","  12722","0.1676","0","0.8324"
"y.cashflow_NPV_ndredge_ncheck_buff22","  -7176","   -422","-1.7e+02"," 2.4e+02","  13960"," 20436"," 26484"," 30581"," 73376","  12747","0.1628","0","0.8372"
"y.cashflow_NPV_ndredge_ncheck_buff23","  -6000","   -398","-1.5e+02"," 2.4e+02","  14024"," 20565"," 26364"," 30176"," 59733","  12804","0.1628","0","0.8372"
"y.cashflow_NPV_ndredge_ncheck_buff24","  -3870","   -361","-1.4e+02"," 2.0e+02","  14130"," 20568"," 26384"," 30500"," 82254","  12832","0.1621","0","0.8379"
"y.cashflow_NPV_ndredge_ncheck_buff25","  -2559","   -340","-1.6e+02"," 1.8e+02","  14154"," 20542"," 26358"," 30133"," 53545","  12809","0.1677","0","0.8323"
"y.cashflow_NPV_ndredge_ncheck_buff26","  -3396","   -316","-1.3e+02"," 1.8e+02","  14098"," 20583"," 26250"," 30057"," 61631","  12777","0.1652","0","0.8348"
"y.cashflow_NPV_ndredge_ncheck_buff27","  -3475","   -305","-1.3e+02"," 1.7e+02","  14246"," 20600"," 26100"," 29840"," 54995","  12755","0.1675","0","0.8325"
"y.cashflow_NPV_ndredge_ncheck_buff28","  -3406","   -274","-1.1e+02"," 1.7e+02","  14052"," 20328"," 25988"," 29636"," 64245","  12687","0.1658","0","0.8342"
"y.cashflow_NPV_ndredge_ncheck_buff29","  -3787","   -299","-1.2e+02"," 1.5e+02","  13955"," 20218"," 25921"," 29555"," 59996","  12573","0.1670","0","0.8330"
"y.cashflow_NPV_ndredge_ncheck_buff30","  -2641","   -269","-1.1e+02"," 1.6e+02","  14070"," 20103"," 25480"," 28849"," 67194","  12523","0.1657","0","0.8343"
